ParticipantID,LexTALE_Score,AverageResponseTime
ec4224ef-26c2-476e-b402-536d86cc1d5d,0.44166666666666665,1.8194495972368814
