Participant ID,LexTALE_Score,AverageResponseTime
42fed005-cdfa-440c-992e-a069b24e09da,0.475,0.874609222
079fbc52-2273-49e0-b04c-4803f18d3377,0.441666667,1.433289385
233187b6-9330-4723-8484-59749c2bd785,0.575,1.060111051
6490968d-e323-4d9f-9b31-7b3f989c4883,0.55,0.968456581
48400868-aa78-4abe-b792-1c638abec04f,0.475,0.886834636
98415493-039f-47a8-8349-210ff6f89f9a,0.4,1.11227114
cbbb979a-3c5d-453d-b6a6-b64888dee2b1,0.516666667,1.206925038
ec4224ef-26c2-476e-b402-536d86cc1d5d,0.441666667,1.819449597
